{
  "project_info": {
    "project_number": "691601043807",
    "firebase_url": "https://mycourtesycarapp.firebaseio.com",
    "project_id": "mycourtesycarapp",
    "storage_bucket": "mycourtesycarapp.appspot.com"
  },
  "client": [
    {
      "client_info": {
        "mobilesdk_app_id": "1:691601043807:android:18baa2c8f7cb27f85e46ea",
        "android_client_info": {
          "package_name": "com.example.mycourtesycarapp"
        }
      },
      "oauth_client": [
        {
          "client_id": "691601043807-s1llr7ihvif4dgnc1dhi7ad7i5ko0pqo.apps.googleusercontent.com",
          "client_type": 1,
          "android_info": {
            "package_name": "com.example.mycourtesycarapp",
            "certificate_hash": "750313592bbfabd7ca082f6c1de4fc90b81f62b9"
          }
        },
        {
          "client_id": "691601043807-5thftotvirroqji2ghia3hodsf1fjr1d.apps.googleusercontent.com",
          "client_type": 1,
          "android_info": {
            "package_name": "com.example.mycourtesycarapp",
            "certificate_hash": "fb7db99b1c747e0830471e9778d2edb8cf8d1f79"
          }
        },
        {
          "client_id": "691601043807-7366vtlk5sknkgj5bej8r368p9nle8um.apps.googleusercontent.com",
          "client_type": 3
        }
      ],
      "api_key": [
        {
          "current_key": "AIzaSyDUSGafNYJx25vpwJTbrtovh-uBVArGX70"
        }
      ],
      "services": {
        "appinvite_service": {
          "other_platform_oauth_client": [
            {
              "client_id": "691601043807-7366vtlk5sknkgj5bej8r368p9nle8um.apps.googleusercontent.com",
              "client_type": 3
            }
          ]
        }
      }
    }
  ],
  "configuration_version": "1"
}